<?xml version="1.0" encoding="utf-8"?>
<extension type="component" version="2.5" method="upgrade">
    <name>COM_JOOMLABACKLINKCHECKER</name>
    <version>2.5-1</version>
    <creationDate>2014-07-08</creationDate>
    <license>http://www.gnu.org/licenses/gpl-3.0</license>
    <copyright>Copyright 2013 Viktor Vogel. All rights reserved.</copyright>
    <author>Viktor Vogel</author>
    <authorEmail>admin@kubik-rubik.de</authorEmail>
    <authorUrl>http://joomla-extensions.kubik-rubik.de</authorUrl>
    <description>COM_JOOMLABACKLINKCHECKER_XML_DESCRIPTION</description>
    <scriptfile>script.php</scriptfile>
    <install>
        <sql>
            <file driver="mysql" charset="utf8">sql/install.sql</file>
        </sql>
    </install>
    <update>
        <schemas>
            <schemapath type="mysql">sql/updates/mysql</schemapath>
        </schemas>
    </update>
    <files folder="site">
        <filename>index.html</filename>
    </files>
    <administration>
        <menu img="components/com_joomlabacklinkchecker/images/jbc-menu.png">COM_JOOMLABACKLINKCHECKER</menu>
        <submenu>
            <menu link="option=com_joomlabacklinkchecker" view="joomlabacklinkchecker" img="components/com_joomlabacklinkchecker/images/jbc-menu.png" alt="Banners/Banners">COM_JOOMLABACKLINKCHECKER_MENU_ENTRIES</menu>
            <menu link="option=com_joomlabacklinkchecker&amp;view=categories" view="categories" img="components/com_joomlabacklinkchecker/images/jbc-menu.png" alt="Banners/Clients">COM_JOOMLABACKLINKCHECKER_MENU_CATEGORIES</menu>
            <menu link="option=com_joomlabacklinkchecker&amp;view=about" view="categories" img="components/com_joomlabacklinkchecker/images/jbc-menu.png" alt="Banners/Clients">COM_JOOMLABACKLINKCHECKER_MENU_ABOUT</menu>
        </submenu>
        <files folder="admin">
            <filename>index.html</filename>
            <filename>joomlabacklinkchecker.php</filename>
            <filename>controller.php</filename>
            <filename>config.xml</filename>
            <filename>access.xml</filename>
            <folder>controllers</folder>
            <folder>css</folder>
            <folder>helpers</folder>
            <folder>images</folder>
            <folder>models</folder>
            <folder>sql</folder>
            <folder>tables</folder>
            <folder>views</folder>
        </files>
        <languages folder="admin">
            <language tag="en-GB">language/en-GB/en-GB.com_joomlabacklinkchecker.ini</language>
            <language tag="en-GB">language/en-GB/en-GB.com_joomlabacklinkchecker.sys.ini</language>
            <language tag="de-DE">language/de-DE/de-DE.com_joomlabacklinkchecker.ini</language>
            <language tag="de-DE">language/de-DE/de-DE.com_joomlabacklinkchecker.sys.ini</language>
        </languages>
    </administration>
</extension>