<?xml version="1.0" encoding="utf-8"?>
<access component="com_joomlabacklinkchecker">
    <section name="component">
        <action name="core.admin" title="JACTION_ADMIN" description="JACTION_ADMIN_COMPONENT_DESC" />
        <action name="core.manage" title="JACTION_MANAGE" description="JACTION_MANAGE_COMPONENT_DESC" />
        <action name="core.delete" title="JACTION_DELETE" description="JACTION_DELETE_COMPONENT_DESC" />
        <action name="joomlabacklinkchecker.checkcomplete" title="COM_JOOMLABACKLINKCHECKER_PERMISSIONS_CHECKCOMPLETE" description="COM_JOOMLABACKLINKCHECKER_PERMISSIONS_CHECKCOMPLETEDESC" />
        <action name="joomlabacklinkchecker.checkselection" title="COM_JOOMLABACKLINKCHECKER_PERMISSIONS_CHECKSELECTION" description="COM_JOOMLABACKLINKCHECKER_PERMISSIONS_CHECKSELECTIONDESC" />
        <action name="joomlabacklinkchecker.new" title="COM_JOOMLABACKLINKCHECKER_PERMISSIONS_NEW" description="COM_JOOMLABACKLINKCHECKER_PERMISSIONS_NEWDESC" />
        <action name="joomlabacklinkchecker.edit" title="COM_JOOMLABACKLINKCHECKER_PERMISSIONS_EDIT" description="COM_JOOMLABACKLINKCHECKER_PERMISSIONS_EDITDESC" />
        <action name="joomlabacklinkchecker.categoriesnew" title="COM_JOOMLABACKLINKCHECKER_PERMISSIONS_CATEGORIESNEW" description="COM_JOOMLABACKLINKCHECKER_PERMISSIONS_CATEGORIESNEWDESC" />
        <action name="joomlabacklinkchecker.categoriesedit" title="COM_JOOMLABACKLINKCHECKER_PERMISSIONS_CATEGORIESEDIT" description="COM_JOOMLABACKLINKCHECKER_PERMISSIONS_CATEGORIESEDITDESC" />
    </section>
</access>